Tissue	Sample	Method	Config	ARI
libd_dlpfc	Br5292_151507	BANKSY	config_default	0.475364
libd_dlpfc	Br5292_151507	BANKSY	config_dlpfc	0.552422
libd_dlpfc	Br5292_151507	BANKSY	config_github	0.39759
libd_dlpfc	Br5292_151507	BANKSY	config_starmap	0.32985
libd_dlpfc	Br5292_151507	BASS	config_default	0.519677
libd_dlpfc	Br5292_151507	BASS	config_dlpfc	0.566267
libd_dlpfc	Br5292_151507	BASS	config_starmap	0.504971
libd_dlpfc	Br5292_151507	BayesSpace	config_default	0.522827
libd_dlpfc	Br5292_151507	BayesSpace	config_melanoma	0.436803
libd_dlpfc	Br5292_151507	BayesSpace	config_scc	0.523262
libd_dlpfc	Br5292_151507	CellCharter	config_default	0.411457
libd_dlpfc	Br5292_151507	CellCharter	config_dlpfc	0.43282
libd_dlpfc	Br5292_151507	DR-SC	config_default	0.554933
libd_dlpfc	Br5292_151507	DR-SC	config_FindSVGs	0.519311
libd_dlpfc	Br5292_151507	DR-SC	config_FindVariableFeatures	0.335986
libd_dlpfc	Br5292_151507	GraphST	config_default	0.39034
libd_dlpfc	Br5292_151507	GraphST	config_dlpfc	0.43454
libd_dlpfc	Br5292_151507	MAPLE	config_default	0.295343
libd_dlpfc	Br5292_151507	MERINGUE	config_clusteringvignette	0.193744
libd_dlpfc	Br5292_151507	MERINGUE	config_default	0.280569
libd_dlpfc	Br5292_151507	MERINGUE	config_mob	0.271979
libd_dlpfc	Br5292_151507	PRECAST	config_BC	0.491391
libd_dlpfc	Br5292_151507	PRECAST	config_default	0.492407
libd_dlpfc	Br5292_151507	PRECAST	config_dlpfc	0.443302
libd_dlpfc	Br5292_151507	SCAN-IT	config_default	0.545993
libd_dlpfc	Br5292_151507	SCAN-IT	config_seqFISH_mouse_SScortex	0.247155
libd_dlpfc	Br5292_151507	SCAN-IT	config_slideseq_hippocampus	0.477647
libd_dlpfc	Br5292_151507	SCAN-IT	config_slideseq_mouse_cerebellum	0.440522
libd_dlpfc	Br5292_151507	SCAN-IT	config_slideseq_mouse_olfactory_bulb	0.520335
libd_dlpfc	Br5292_151507	scanpy	config_default	0.195706
libd_dlpfc	Br5292_151507	scanpy	config_leiden_MERFISH	0.231349
libd_dlpfc	Br5292_151507	scanpy	config_leiden_tutorial	0.211582
libd_dlpfc	Br5292_151507	scMEB	config_default	0.431257
libd_dlpfc	Br5292_151507	SEDR	config_default	0.54662
libd_dlpfc	Br5292_151507	SEDR	config_dlpfc	0.514836
libd_dlpfc	Br5292_151507	SEDR	config_stereoseq	0.376543
libd_dlpfc	Br5292_151507	Seurat	config_default	0.370422
libd_dlpfc	Br5292_151507	Seurat	config_leiden_CODEX	0.377359
libd_dlpfc	Br5292_151507	Seurat	config_leiden_spatial	0.375868
libd_dlpfc	Br5292_151507	Seurat	config_leiden_VisiumHD	0.348267
libd_dlpfc	Br5292_151507	SOTIP	config_MIBI_TNBC	0.364435
libd_dlpfc	Br5292_151507	SOTIP	config_scMEP_CLCC	0.364158
libd_dlpfc	Br5292_151507	SOTIP	config_Visium_dlpfc	0.444476
libd_dlpfc	Br5292_151507	SpaceFlow	config_default	0.448419
libd_dlpfc	Br5292_151507	SpaceFlow	config_seqfish	0.378644
libd_dlpfc	Br5292_151507	SpaGCN	config_default	0.490012
libd_dlpfc	Br5292_151507	spatialGE	config_default	0.299245
libd_dlpfc	Br5292_151507	spatialGE	config_highweight	0.33798
libd_dlpfc	Br5292_151507	spatialGE	config_midweight	0.365692
libd_dlpfc	Br5292_151507	spatialGE	config_sct	0.299245
libd_dlpfc	Br5292_151507	SPICEMIX	config_default	0.273662
libd_dlpfc	Br5292_151507	SPICEMIX	config_Visium_dlpfc	0.114847
libd_dlpfc	Br5292_151507	STAGATE	config_default	0.532489
libd_dlpfc	Br5292_151507	STAGATE	config_slide_stereo	0.330245
libd_dlpfc	Br5292_151507	STAGATE	config_starmap	0.550085
libd_dlpfc	Br5292_151507	Stardust	config_default	0.392683
libd_dlpfc	Br5292_151507	Stardust	config_tutorial	0.34059
libd_dlpfc	Br5292_151508	BANKSY	config_default	0.487324
libd_dlpfc	Br5292_151508	BANKSY	config_dlpfc	0.49533
libd_dlpfc	Br5292_151508	BANKSY	config_github	0.441572
libd_dlpfc	Br5292_151508	BANKSY	config_starmap	0.361494
libd_dlpfc	Br5292_151508	BASS	config_default	0.473335
libd_dlpfc	Br5292_151508	BASS	config_dlpfc	0.465299
libd_dlpfc	Br5292_151508	BASS	config_starmap	0.527123
libd_dlpfc	Br5292_151508	BayesSpace	config_default	0.51213
libd_dlpfc	Br5292_151508	BayesSpace	config_melanoma	0.411913
libd_dlpfc	Br5292_151508	BayesSpace	config_scc	0.512845
libd_dlpfc	Br5292_151508	CellCharter	config_default	0.518091
libd_dlpfc	Br5292_151508	CellCharter	config_dlpfc	0.458077
libd_dlpfc	Br5292_151508	DR-SC	config_all_genes	0.384524
libd_dlpfc	Br5292_151508	DR-SC	config_default	0.437602
libd_dlpfc	Br5292_151508	DR-SC	config_FindSVGs	0.340273
libd_dlpfc	Br5292_151508	DR-SC	config_FindVariableFeatures	0.273733
libd_dlpfc	Br5292_151508	GraphST	config_default	0.456137
libd_dlpfc	Br5292_151508	GraphST	config_dlpfc	0.456469
libd_dlpfc	Br5292_151508	MAPLE	config_default	0.41956
libd_dlpfc	Br5292_151508	MERINGUE	config_clusteringvignette	0.289953
libd_dlpfc	Br5292_151508	MERINGUE	config_default	0.296714
libd_dlpfc	Br5292_151508	MERINGUE	config_mob	0.283768
libd_dlpfc	Br5292_151508	PRECAST	config_BC	0.381344
libd_dlpfc	Br5292_151508	PRECAST	config_default	0.381261
libd_dlpfc	Br5292_151508	PRECAST	config_dlpfc	0.30752
libd_dlpfc	Br5292_151508	SCAN-IT	config_default	0.490921
libd_dlpfc	Br5292_151508	SCAN-IT	config_seqFISH_mouse_SScortex	0.43117
libd_dlpfc	Br5292_151508	SCAN-IT	config_slideseq_hippocampus	0.486771
libd_dlpfc	Br5292_151508	SCAN-IT	config_slideseq_mouse_cerebellum	0.487137
libd_dlpfc	Br5292_151508	SCAN-IT	config_slideseq_mouse_olfactory_bulb	0.492862
libd_dlpfc	Br5292_151508	scanpy	config_default	0.183198
libd_dlpfc	Br5292_151508	scanpy	config_leiden_MERFISH	0.256809
libd_dlpfc	Br5292_151508	scanpy	config_leiden_tutorial	0.1569
libd_dlpfc	Br5292_151508	scMEB	config_default	0.420249
libd_dlpfc	Br5292_151508	SEDR	config_default	0.51004
libd_dlpfc	Br5292_151508	SEDR	config_dlpfc	0.490035
libd_dlpfc	Br5292_151508	SEDR	config_stereoseq	0.402821
libd_dlpfc	Br5292_151508	Seurat	config_default	0.280313
libd_dlpfc	Br5292_151508	Seurat	config_leiden_CODEX	0.380845
libd_dlpfc	Br5292_151508	Seurat	config_leiden_spatial	0.331994
libd_dlpfc	Br5292_151508	Seurat	config_leiden_VisiumHD	0.304851
libd_dlpfc	Br5292_151508	SOTIP	config_MIBI_TNBC	0.365268
libd_dlpfc	Br5292_151508	SOTIP	config_Visium_dlpfc	0.418362
libd_dlpfc	Br5292_151508	SpaceFlow	config_default	0.404423
libd_dlpfc	Br5292_151508	SpaceFlow	config_seqfish	0.290958
libd_dlpfc	Br5292_151508	SpaGCN	config_default	0.493425
libd_dlpfc	Br5292_151508	spatialGE	config_default	0.29838
libd_dlpfc	Br5292_151508	spatialGE	config_highweight	0.225058
libd_dlpfc	Br5292_151508	spatialGE	config_midweight	0.229817
libd_dlpfc	Br5292_151508	spatialGE	config_sct	0.29838
libd_dlpfc	Br5292_151508	SPICEMIX	config_default	0.18421
libd_dlpfc	Br5292_151508	SPICEMIX	config_Visium_dlpfc	0.13955
libd_dlpfc	Br5292_151508	STAGATE	config_default	0.507452
libd_dlpfc	Br5292_151508	STAGATE	config_slide_stereo	0.315251
libd_dlpfc	Br5292_151508	STAGATE	config_starmap	0.447455
libd_dlpfc	Br5292_151508	Stardust	config_default	0.253156
libd_dlpfc	Br5292_151508	Stardust	config_tutorial	0.296879
libd_dlpfc	Br5292_151509	BANKSY	config_default	0.352367
libd_dlpfc	Br5292_151509	BANKSY	config_dlpfc	0.442611
libd_dlpfc	Br5292_151509	BANKSY	config_github	0.431981
libd_dlpfc	Br5292_151509	BANKSY	config_starmap	0.211651
libd_dlpfc	Br5292_151509	BASS	config_default	0.385487
libd_dlpfc	Br5292_151509	BASS	config_dlpfc	0.499337
libd_dlpfc	Br5292_151509	BASS	config_starmap	0.381822
libd_dlpfc	Br5292_151509	BayesSpace	config_default	0.518006
libd_dlpfc	Br5292_151509	BayesSpace	config_melanoma	0.407807
libd_dlpfc	Br5292_151509	BayesSpace	config_scc	0.519257
libd_dlpfc	Br5292_151509	CellCharter	config_default	0.383897
libd_dlpfc	Br5292_151509	CellCharter	config_dlpfc	0.463908
libd_dlpfc	Br5292_151509	DR-SC	config_all_genes	0.311741
libd_dlpfc	Br5292_151509	DR-SC	config_default	0.370046
libd_dlpfc	Br5292_151509	DR-SC	config_FindSVGs	0.410811
libd_dlpfc	Br5292_151509	DR-SC	config_FindVariableFeatures	0.34911
libd_dlpfc	Br5292_151509	GraphST	config_1	0.497052
libd_dlpfc	Br5292_151509	GraphST	config_default	0.418286
libd_dlpfc	Br5292_151509	GraphST	config_dlpfc	0.514263
libd_dlpfc	Br5292_151509	MAPLE	config_default	0.293883
libd_dlpfc	Br5292_151509	MERINGUE	config_clusteringvignette	0.286929
libd_dlpfc	Br5292_151509	MERINGUE	config_default	0.255744
libd_dlpfc	Br5292_151509	MERINGUE	config_mob	0.244558
libd_dlpfc	Br5292_151509	PRECAST	config_BC	0.451072
libd_dlpfc	Br5292_151509	PRECAST	config_default	0.45135
libd_dlpfc	Br5292_151509	PRECAST	config_dlpfc	0.329449
libd_dlpfc	Br5292_151509	SCAN-IT	config_default	0.404528
libd_dlpfc	Br5292_151509	SCAN-IT	config_seqFISH_mouse_SScortex	0.304657
libd_dlpfc	Br5292_151509	SCAN-IT	config_slideseq_hippocampus	0.462836
libd_dlpfc	Br5292_151509	SCAN-IT	config_slideseq_mouse_cerebellum	0.460073
libd_dlpfc	Br5292_151509	SCAN-IT	config_slideseq_mouse_olfactory_bulb	0.422277
libd_dlpfc	Br5292_151509	scanpy	config_default	0.158662
libd_dlpfc	Br5292_151509	scanpy	config_leiden_MERFISH	0.299656
libd_dlpfc	Br5292_151509	scanpy	config_leiden_tutorial	0.191662
libd_dlpfc	Br5292_151509	scMEB	config_default	0.499035
libd_dlpfc	Br5292_151509	SEDR	config_default	0.400456
libd_dlpfc	Br5292_151509	SEDR	config_dlpfc	0.469809
libd_dlpfc	Br5292_151509	SEDR	config_stereoseq	0.408536
libd_dlpfc	Br5292_151509	Seurat	config_default	0.251753
libd_dlpfc	Br5292_151509	Seurat	config_leiden_CODEX	0.241408
libd_dlpfc	Br5292_151509	Seurat	config_leiden_spatial	0.248994
libd_dlpfc	Br5292_151509	Seurat	config_leiden_VisiumHD	0.254717
libd_dlpfc	Br5292_151509	SOTIP	config_MIBI_TNBC	0.535769
libd_dlpfc	Br5292_151509	SOTIP	config_osmFISH	0.528441
libd_dlpfc	Br5292_151509	SOTIP	config_scMEP_CLCC	0.345318
libd_dlpfc	Br5292_151509	SpaceFlow	config_default	0.289198
libd_dlpfc	Br5292_151509	SpaceFlow	config_seqfish	0.356625
libd_dlpfc	Br5292_151509	SpaGCN	config_default	0.481719
libd_dlpfc	Br5292_151509	spatialGE	config_default	0.276547
libd_dlpfc	Br5292_151509	spatialGE	config_highweight	0.239402
libd_dlpfc	Br5292_151509	spatialGE	config_midweight	0.31037
libd_dlpfc	Br5292_151509	spatialGE	config_sct	0.276547
libd_dlpfc	Br5292_151509	SPICEMIX	config_default	0.288669
libd_dlpfc	Br5292_151509	SPICEMIX	config_Visium_dlpfc	0.0911516
libd_dlpfc	Br5292_151509	STAGATE	config_default	0.464519
libd_dlpfc	Br5292_151509	STAGATE	config_slide_stereo	0.251579
libd_dlpfc	Br5292_151509	STAGATE	config_starmap	0.466679
libd_dlpfc	Br5292_151509	Stardust	config_default	0.293063
libd_dlpfc	Br5292_151509	Stardust	config_tutorial	0.233948
libd_dlpfc	Br5292_151510	BANKSY	config_default	0.234221
libd_dlpfc	Br5292_151510	BANKSY	config_dlpfc	0.467662
libd_dlpfc	Br5292_151510	BANKSY	config_github	0.172797
libd_dlpfc	Br5292_151510	BANKSY	config_starmap	0.147595
libd_dlpfc	Br5292_151510	BASS	config_default	0.443229
libd_dlpfc	Br5292_151510	BASS	config_dlpfc	0.426854
libd_dlpfc	Br5292_151510	BASS	config_starmap	0.416908
libd_dlpfc	Br5292_151510	BayesSpace	config_default	0.423753
libd_dlpfc	Br5292_151510	BayesSpace	config_melanoma	0.384115
libd_dlpfc	Br5292_151510	BayesSpace	config_scc	0.427568
libd_dlpfc	Br5292_151510	CellCharter	config_default	0.319699
libd_dlpfc	Br5292_151510	CellCharter	config_dlpfc	0.43216
libd_dlpfc	Br5292_151510	DR-SC	config_all_genes	0.35754
libd_dlpfc	Br5292_151510	DR-SC	config_default	0.458412
libd_dlpfc	Br5292_151510	DR-SC	config_FindSVGs	0.466213
libd_dlpfc	Br5292_151510	DR-SC	config_FindVariableFeatures	0.238877
libd_dlpfc	Br5292_151510	GraphST	config_default	0.479301
libd_dlpfc	Br5292_151510	GraphST	config_dlpfc	0.457415
libd_dlpfc	Br5292_151510	MAPLE	config_default	0.289087
libd_dlpfc	Br5292_151510	MERINGUE	config_clusteringvignette	0.225778
libd_dlpfc	Br5292_151510	MERINGUE	config_default	0.199476
libd_dlpfc	Br5292_151510	MERINGUE	config_mob	0.225124
libd_dlpfc	Br5292_151510	PRECAST	config_BC	0.481145
libd_dlpfc	Br5292_151510	PRECAST	config_default	0.480081
libd_dlpfc	Br5292_151510	PRECAST	config_dlpfc	0.333428
libd_dlpfc	Br5292_151510	SCAN-IT	config_default	0.456804
libd_dlpfc	Br5292_151510	SCAN-IT	config_seqFISH_mouse_SScortex	0.325212
libd_dlpfc	Br5292_151510	SCAN-IT	config_slideseq_hippocampus	0.389967
libd_dlpfc	Br5292_151510	SCAN-IT	config_slideseq_mouse_cerebellum	0.4615
libd_dlpfc	Br5292_151510	SCAN-IT	config_slideseq_mouse_olfactory_bulb	0.414856
libd_dlpfc	Br5292_151510	scanpy	config_default	0.162639
libd_dlpfc	Br5292_151510	scanpy	config_leiden_MERFISH	0.271315
libd_dlpfc	Br5292_151510	scanpy	config_leiden_tutorial	0.0415571
libd_dlpfc	Br5292_151510	scMEB	config_default	0.331597
libd_dlpfc	Br5292_151510	SEDR	config_default	0.498125
libd_dlpfc	Br5292_151510	SEDR	config_dlpfc	0.476716
libd_dlpfc	Br5292_151510	SEDR	config_stereoseq	0.422998
libd_dlpfc	Br5292_151510	Seurat	config_default	0.376159
libd_dlpfc	Br5292_151510	Seurat	config_leiden_CODEX	0.428052
libd_dlpfc	Br5292_151510	Seurat	config_leiden_spatial	0.378448
libd_dlpfc	Br5292_151510	Seurat	config_leiden_VisiumHD	0.369784
libd_dlpfc	Br5292_151510	SOTIP	config_MIBI_TNBC	0.47326
libd_dlpfc	Br5292_151510	SOTIP	config_scMEP_CLCC	0.304082
libd_dlpfc	Br5292_151510	SOTIP	config_Visium_dlpfc	0.44807
libd_dlpfc	Br5292_151510	SpaceFlow	config_default	0.386716
libd_dlpfc	Br5292_151510	SpaceFlow	config_seqfish	0.187699
libd_dlpfc	Br5292_151510	SpaGCN	config_default	0.400144
libd_dlpfc	Br5292_151510	spatialGE	config_default	0.223529
libd_dlpfc	Br5292_151510	spatialGE	config_highweight	0.206384
libd_dlpfc	Br5292_151510	spatialGE	config_midweight	0.21236
libd_dlpfc	Br5292_151510	spatialGE	config_sct	0.223529
libd_dlpfc	Br5292_151510	SPICEMIX	config_default	0.210149
libd_dlpfc	Br5292_151510	SPICEMIX	config_Visium_dlpfc	0.0567871
libd_dlpfc	Br5292_151510	STAGATE	config_default	0.421817
libd_dlpfc	Br5292_151510	STAGATE	config_slide_stereo	0.325786
libd_dlpfc	Br5292_151510	STAGATE	config_starmap	0.46415
libd_dlpfc	Br5292_151510	Stardust	config_default	0.27394
libd_dlpfc	Br5292_151510	Stardust	config_tutorial	0.200699
libd_dlpfc	Br5595_151669	BANKSY	config_default	0.261416
libd_dlpfc	Br5595_151669	BANKSY	config_dlpfc	0.464837
libd_dlpfc	Br5595_151669	BANKSY	config_github	0.245833
libd_dlpfc	Br5595_151669	BANKSY	config_starmap	0.264351
libd_dlpfc	Br5595_151669	BASS	config_default	0.356612
libd_dlpfc	Br5595_151669	BASS	config_dlpfc	0.407716
libd_dlpfc	Br5595_151669	BASS	config_starmap	0.354196
libd_dlpfc	Br5595_151669	BayesSpace	config_default	0.303476
libd_dlpfc	Br5595_151669	BayesSpace	config_melanoma	0.236263
libd_dlpfc	Br5595_151669	BayesSpace	config_scc	0.418561
libd_dlpfc	Br5595_151669	CellCharter	config_default	0.34866
libd_dlpfc	Br5595_151669	CellCharter	config_dlpfc	0.3225
libd_dlpfc	Br5595_151669	DR-SC	config_all_genes	0.49819
libd_dlpfc	Br5595_151669	DR-SC	config_default	0.433213
libd_dlpfc	Br5595_151669	DR-SC	config_FindSVGs	0.348651
libd_dlpfc	Br5595_151669	DR-SC	config_FindVariableFeatures	0.273292
libd_dlpfc	Br5595_151669	GraphST	config_default	0.476567
libd_dlpfc	Br5595_151669	GraphST	config_dlpfc	0.473663
libd_dlpfc	Br5595_151669	MAPLE	config_default	0.177614
libd_dlpfc	Br5595_151669	MERINGUE	config_clusteringvignette	-0.000194461
libd_dlpfc	Br5595_151669	MERINGUE	config_default	0.108312
libd_dlpfc	Br5595_151669	MERINGUE	config_mob	0.131878
libd_dlpfc	Br5595_151669	PRECAST	config_BC	0.35619
libd_dlpfc	Br5595_151669	PRECAST	config_default	0.362127
libd_dlpfc	Br5595_151669	PRECAST	config_dlpfc	0.392707
libd_dlpfc	Br5595_151669	SCAN-IT	config_default	0.265162
libd_dlpfc	Br5595_151669	SCAN-IT	config_seqFISH_mouse_SScortex	0.343837
libd_dlpfc	Br5595_151669	SCAN-IT	config_slideseq_hippocampus	0.252241
libd_dlpfc	Br5595_151669	SCAN-IT	config_slideseq_mouse_cerebellum	0.214826
libd_dlpfc	Br5595_151669	SCAN-IT	config_slideseq_mouse_olfactory_bulb	0.226586
libd_dlpfc	Br5595_151669	scanpy	config_default	0.27397
libd_dlpfc	Br5595_151669	scanpy	config_leiden_MERFISH	0.064085
libd_dlpfc	Br5595_151669	scanpy	config_leiden_tutorial	0.119493
libd_dlpfc	Br5595_151669	scMEB	config_default	0.247552
libd_dlpfc	Br5595_151669	SEDR	config_default	0.320126
libd_dlpfc	Br5595_151669	SEDR	config_dlpfc	0.536759
libd_dlpfc	Br5595_151669	SEDR	config_stereoseq	0.308001
libd_dlpfc	Br5595_151669	Seurat	config_default	0.264813
libd_dlpfc	Br5595_151669	Seurat	config_leiden_CODEX	0.258833
libd_dlpfc	Br5595_151669	Seurat	config_leiden_spatial	0.260885
libd_dlpfc	Br5595_151669	Seurat	config_leiden_VisiumHD	0.304146
libd_dlpfc	Br5595_151669	SOTIP	config_MIBI_TNBC	0.349999
libd_dlpfc	Br5595_151669	SOTIP	config_scMEP_CLCC	0.25472
libd_dlpfc	Br5595_151669	SOTIP	config_Visium_dlpfc	0.423148
libd_dlpfc	Br5595_151669	SpaceFlow	config_default	0.217823
libd_dlpfc	Br5595_151669	SpaceFlow	config_seqfish	0.295754
libd_dlpfc	Br5595_151669	SpaGCN	config_default	0.250886
libd_dlpfc	Br5595_151669	spatialGE	config_default	0.17653
libd_dlpfc	Br5595_151669	spatialGE	config_highweight	0.0924263
libd_dlpfc	Br5595_151669	spatialGE	config_midweight	0.227765
libd_dlpfc	Br5595_151669	spatialGE	config_sct	0.17653
libd_dlpfc	Br5595_151669	SPICEMIX	config_default	0.272484
libd_dlpfc	Br5595_151669	SPICEMIX	config_Visium_dlpfc	0.110913
libd_dlpfc	Br5595_151669	STAGATE	config_default	0.263637
libd_dlpfc	Br5595_151669	STAGATE	config_slide_stereo	0.228605
libd_dlpfc	Br5595_151669	STAGATE	config_starmap	0.412479
libd_dlpfc	Br5595_151669	Stardust	config_default	0.270131
libd_dlpfc	Br5595_151669	Stardust	config_tutorial	0.198957
libd_dlpfc	Br5595_151670	BANKSY	config_default	0.323963
libd_dlpfc	Br5595_151670	BANKSY	config_dlpfc	0.513629
libd_dlpfc	Br5595_151670	BANKSY	config_github	0.348976
libd_dlpfc	Br5595_151670	BANKSY	config_starmap	0.244997
libd_dlpfc	Br5595_151670	BASS	config_default	0.221174
libd_dlpfc	Br5595_151670	BASS	config_dlpfc	0.333753
libd_dlpfc	Br5595_151670	BASS	config_starmap	0.229908
libd_dlpfc	Br5595_151670	BayesSpace	config_default	0.250422
libd_dlpfc	Br5595_151670	BayesSpace	config_melanoma	0.24761
libd_dlpfc	Br5595_151670	BayesSpace	config_scc	0.250375
libd_dlpfc	Br5595_151670	CellCharter	config_default	0.288
libd_dlpfc	Br5595_151670	CellCharter	config_dlpfc	0.267053
libd_dlpfc	Br5595_151670	DR-SC	config_all_genes	0.446681
libd_dlpfc	Br5595_151670	DR-SC	config_default	0.379983
libd_dlpfc	Br5595_151670	DR-SC	config_FindSVGs	0.320989
libd_dlpfc	Br5595_151670	DR-SC	config_FindVariableFeatures	0.37804
libd_dlpfc	Br5595_151670	GraphST	config_default	0.319285
libd_dlpfc	Br5595_151670	GraphST	config_dlpfc	0.342682
libd_dlpfc	Br5595_151670	MAPLE	config_default	0.277634
libd_dlpfc	Br5595_151670	MERINGUE	config_clusteringvignette	0
libd_dlpfc	Br5595_151670	MERINGUE	config_default	0.170323
libd_dlpfc	Br5595_151670	MERINGUE	config_mob	0.150804
libd_dlpfc	Br5595_151670	PRECAST	config_BC	0.310224
libd_dlpfc	Br5595_151670	PRECAST	config_default	0.311528
libd_dlpfc	Br5595_151670	PRECAST	config_dlpfc	0.417499
libd_dlpfc	Br5595_151670	SCAN-IT	config_default	0.300201
libd_dlpfc	Br5595_151670	SCAN-IT	config_seqFISH_mouse_SScortex	0.229057
libd_dlpfc	Br5595_151670	SCAN-IT	config_slideseq_hippocampus	0.282837
libd_dlpfc	Br5595_151670	SCAN-IT	config_slideseq_mouse_cerebellum	0.274263
libd_dlpfc	Br5595_151670	SCAN-IT	config_slideseq_mouse_olfactory_bulb	0.242082
libd_dlpfc	Br5595_151670	scanpy	config_default	0.244348
libd_dlpfc	Br5595_151670	scanpy	config_leiden_MERFISH	0.041378
libd_dlpfc	Br5595_151670	scanpy	config_leiden_tutorial	0.284892
libd_dlpfc	Br5595_151670	scMEB	config_default	0.218217
libd_dlpfc	Br5595_151670	SEDR	config_default	0.291711
libd_dlpfc	Br5595_151670	SEDR	config_dlpfc	0.375195
libd_dlpfc	Br5595_151670	SEDR	config_stereoseq	0.30524
libd_dlpfc	Br5595_151670	Seurat	config_default	0.269375
libd_dlpfc	Br5595_151670	Seurat	config_leiden_CODEX	0.373846
libd_dlpfc	Br5595_151670	Seurat	config_leiden_spatial	0.248131
libd_dlpfc	Br5595_151670	Seurat	config_leiden_VisiumHD	0.24124
libd_dlpfc	Br5595_151670	SOTIP	config_MIBI_TNBC	0.491914
libd_dlpfc	Br5595_151670	SOTIP	config_scMEP_CLCC	0.272809
libd_dlpfc	Br5595_151670	SOTIP	config_Visium_dlpfc	0.30736
libd_dlpfc	Br5595_151670	SpaceFlow	config_default	0.281371
libd_dlpfc	Br5595_151670	SpaceFlow	config_seqfish	0.194802
libd_dlpfc	Br5595_151670	SpaGCN	config_default	0.232177
libd_dlpfc	Br5595_151670	spatialGE	config_default	0.132532
libd_dlpfc	Br5595_151670	spatialGE	config_highweight	0.128242
libd_dlpfc	Br5595_151670	spatialGE	config_midweight	0.182841
libd_dlpfc	Br5595_151670	spatialGE	config_sct	0.132532
libd_dlpfc	Br5595_151670	SPICEMIX	config_default	0.30484
libd_dlpfc	Br5595_151670	SPICEMIX	config_Visium_dlpfc	0.195966
libd_dlpfc	Br5595_151670	STAGATE	config_default	0.39907
libd_dlpfc	Br5595_151670	STAGATE	config_slide_stereo	0.238816
libd_dlpfc	Br5595_151670	STAGATE	config_starmap	0.415369
libd_dlpfc	Br5595_151670	Stardust	config_default	0.23435
libd_dlpfc	Br5595_151670	Stardust	config_tutorial	0.210724
libd_dlpfc	Br5595_151671	BANKSY	config_default	0.430751
libd_dlpfc	Br5595_151671	BANKSY	config_dlpfc	0.40447
libd_dlpfc	Br5595_151671	BANKSY	config_github	0.461075
libd_dlpfc	Br5595_151671	BANKSY	config_starmap	0.429288
libd_dlpfc	Br5595_151671	BASS	config_default	0.550786
libd_dlpfc	Br5595_151671	BASS	config_dlpfc	0.537937
libd_dlpfc	Br5595_151671	BASS	config_starmap	0.586586
libd_dlpfc	Br5595_151671	BayesSpace	config_default	0.44971
libd_dlpfc	Br5595_151671	BayesSpace	config_melanoma	0.551922
libd_dlpfc	Br5595_151671	BayesSpace	config_scc	0.445214
libd_dlpfc	Br5595_151671	CellCharter	config_default	0.585926
libd_dlpfc	Br5595_151671	CellCharter	config_dlpfc	0.433951
libd_dlpfc	Br5595_151671	DR-SC	config_all_genes	0.563871
libd_dlpfc	Br5595_151671	DR-SC	config_default	0.550246
libd_dlpfc	Br5595_151671	DR-SC	config_FindSVGs	0.520126
libd_dlpfc	Br5595_151671	DR-SC	config_FindVariableFeatures	0.287881
libd_dlpfc	Br5595_151671	GraphST	config_default	0.580568
libd_dlpfc	Br5595_151671	GraphST	config_dlpfc	0.635259
libd_dlpfc	Br5595_151671	MAPLE	config_default	0.341481
libd_dlpfc	Br5595_151671	MERINGUE	config_clusteringvignette	0.252372
libd_dlpfc	Br5595_151671	MERINGUE	config_default	0.18666
libd_dlpfc	Br5595_151671	MERINGUE	config_mob	0.207271
libd_dlpfc	Br5595_151671	PRECAST	config_BC	0.546381
libd_dlpfc	Br5595_151671	PRECAST	config_default	0.547696
libd_dlpfc	Br5595_151671	PRECAST	config_dlpfc	0.555657
libd_dlpfc	Br5595_151671	SCAN-IT	config_default	0.510155
libd_dlpfc	Br5595_151671	SCAN-IT	config_seqFISH_mouse_SScortex	0.401568
libd_dlpfc	Br5595_151671	SCAN-IT	config_slideseq_hippocampus	0.402283
libd_dlpfc	Br5595_151671	SCAN-IT	config_slideseq_mouse_cerebellum	0.507204
libd_dlpfc	Br5595_151671	SCAN-IT	config_slideseq_mouse_olfactory_bulb	0.503468
libd_dlpfc	Br5595_151671	scanpy	config_default	0.223335
libd_dlpfc	Br5595_151671	scanpy	config_leiden_MERFISH	0.184813
libd_dlpfc	Br5595_151671	scanpy	config_leiden_tutorial	0.223951
libd_dlpfc	Br5595_151671	scMEB	config_default	0.305981
libd_dlpfc	Br5595_151671	SEDR	config_default	0.583826
libd_dlpfc	Br5595_151671	SEDR	config_dlpfc	0.636032
libd_dlpfc	Br5595_151671	SEDR	config_stereoseq	0.594234
libd_dlpfc	Br5595_151671	Seurat	config_default	0.270474
libd_dlpfc	Br5595_151671	Seurat	config_leiden_CODEX	0.297179
libd_dlpfc	Br5595_151671	Seurat	config_leiden_spatial	0.301009
libd_dlpfc	Br5595_151671	Seurat	config_leiden_VisiumHD	0.322563
libd_dlpfc	Br5595_151671	SOTIP	config_MIBI_TNBC	0.312554
libd_dlpfc	Br5595_151671	SOTIP	config_osmFISH	0.511139
libd_dlpfc	Br5595_151671	SOTIP	config_scMEP_CLCC	0.466153
libd_dlpfc	Br5595_151671	SOTIP	config_Visium_dlpfc	0.516828
libd_dlpfc	Br5595_151671	SpaceFlow	config_default	0.479951
libd_dlpfc	Br5595_151671	SpaceFlow	config_seqfish	0.375801
libd_dlpfc	Br5595_151671	SpaGCN	config_default	0.541371
libd_dlpfc	Br5595_151671	spatialGE	config_default	0.129339
libd_dlpfc	Br5595_151671	spatialGE	config_highweight	0.175592
libd_dlpfc	Br5595_151671	spatialGE	config_midweight	0.344707
libd_dlpfc	Br5595_151671	spatialGE	config_sct	0.129339
libd_dlpfc	Br5595_151671	SPICEMIX	config_default	0.223614
libd_dlpfc	Br5595_151671	SPICEMIX	config_Visium_dlpfc	0.0859724
libd_dlpfc	Br5595_151671	STAGATE	config_default	0.595213
libd_dlpfc	Br5595_151671	STAGATE	config_slide_stereo	0.32351
libd_dlpfc	Br5595_151671	STAGATE	config_starmap	0.607809
libd_dlpfc	Br5595_151671	Stardust	config_default	0.341005
libd_dlpfc	Br5595_151671	Stardust	config_tutorial	0.205849
libd_dlpfc	Br5595_151672	BANKSY	config_default	0.483831
libd_dlpfc	Br5595_151672	BANKSY	config_dlpfc	0.555617
libd_dlpfc	Br5595_151672	BANKSY	config_github	0.401173
libd_dlpfc	Br5595_151672	BANKSY	config_starmap	0.49427
libd_dlpfc	Br5595_151672	BASS	config_default	0.740945
libd_dlpfc	Br5595_151672	BASS	config_dlpfc	0.439431
libd_dlpfc	Br5595_151672	BASS	config_starmap	0.744875
libd_dlpfc	Br5595_151672	BayesSpace	config_default	0.58796
libd_dlpfc	Br5595_151672	BayesSpace	config_melanoma	0.588688
libd_dlpfc	Br5595_151672	BayesSpace	config_scc	0.588282
libd_dlpfc	Br5595_151672	CellCharter	config_default	0.572939
libd_dlpfc	Br5595_151672	CellCharter	config_dlpfc	0.579742
libd_dlpfc	Br5595_151672	DR-SC	config_all_genes	0.628731
libd_dlpfc	Br5595_151672	DR-SC	config_default	0.759617
libd_dlpfc	Br5595_151672	DR-SC	config_FindSVGs	0.547909
libd_dlpfc	Br5595_151672	DR-SC	config_FindVariableFeatures	0.424577
libd_dlpfc	Br5595_151672	GraphST	config_default	0.583642
libd_dlpfc	Br5595_151672	GraphST	config_dlpfc	0.77926
libd_dlpfc	Br5595_151672	MAPLE	config_default	0.361802
libd_dlpfc	Br5595_151672	MERINGUE	config_clusteringvignette	0
libd_dlpfc	Br5595_151672	MERINGUE	config_default	0.123144
libd_dlpfc	Br5595_151672	MERINGUE	config_mob	0.157589
libd_dlpfc	Br5595_151672	PRECAST	config_BC	0.571675
libd_dlpfc	Br5595_151672	PRECAST	config_default	0.579113
libd_dlpfc	Br5595_151672	PRECAST	config_dlpfc	0.588479
libd_dlpfc	Br5595_151672	SCAN-IT	config_default	0.43332
libd_dlpfc	Br5595_151672	SCAN-IT	config_seqFISH_mouse_SScortex	0.249249
libd_dlpfc	Br5595_151672	SCAN-IT	config_slideseq_hippocampus	0.692224
libd_dlpfc	Br5595_151672	SCAN-IT	config_slideseq_mouse_cerebellum	0.644822
libd_dlpfc	Br5595_151672	SCAN-IT	config_slideseq_mouse_olfactory_bulb	0.564841
libd_dlpfc	Br5595_151672	scanpy	config_default	0.225588
libd_dlpfc	Br5595_151672	scanpy	config_leiden_MERFISH	0.189345
libd_dlpfc	Br5595_151672	scanpy	config_leiden_tutorial	0.137588
libd_dlpfc	Br5595_151672	scMEB	config_default	0.404867
libd_dlpfc	Br5595_151672	SEDR	config_default	0.538312
libd_dlpfc	Br5595_151672	SEDR	config_dlpfc	0.577978
libd_dlpfc	Br5595_151672	SEDR	config_stereoseq	0.561786
libd_dlpfc	Br5595_151672	Seurat	config_default	0.366266
libd_dlpfc	Br5595_151672	Seurat	config_leiden_CODEX	0.275732
libd_dlpfc	Br5595_151672	Seurat	config_leiden_spatial	0.423792
libd_dlpfc	Br5595_151672	Seurat	config_leiden_VisiumHD	0.377817
libd_dlpfc	Br5595_151672	SOTIP	config_MIBI_TNBC	0.610776
libd_dlpfc	Br5595_151672	SOTIP	config_Visium_dlpfc	0.539882
libd_dlpfc	Br5595_151672	SpaceFlow	config_default	0.591512
libd_dlpfc	Br5595_151672	SpaceFlow	config_seqfish	0.424486
libd_dlpfc	Br5595_151672	SpaGCN	config_default	0.416474
libd_dlpfc	Br5595_151672	spatialGE	config_default	0.148088
libd_dlpfc	Br5595_151672	spatialGE	config_highweight	0.191933
libd_dlpfc	Br5595_151672	spatialGE	config_midweight	0.329985
libd_dlpfc	Br5595_151672	spatialGE	config_sct	0.148088
libd_dlpfc	Br5595_151672	SPICEMIX	config_default	0.21034
libd_dlpfc	Br5595_151672	SPICEMIX	config_Visium_dlpfc	0.10829
libd_dlpfc	Br5595_151672	STAGATE	config_default	0.56778
libd_dlpfc	Br5595_151672	STAGATE	config_slide_stereo	0.385885
libd_dlpfc	Br5595_151672	STAGATE	config_starmap	0.56859
libd_dlpfc	Br5595_151672	Stardust	config_default	0.431706
libd_dlpfc	Br5595_151672	Stardust	config_tutorial	0.441326
libd_dlpfc	Br8100_151673	BANKSY	config_default	0.275155
libd_dlpfc	Br8100_151673	BANKSY	config_dlpfc	0.469222
libd_dlpfc	Br8100_151673	BANKSY	config_github	0.290527
libd_dlpfc	Br8100_151673	BANKSY	config_starmap	0.296741
libd_dlpfc	Br8100_151673	BASS	config_default	0.553755
libd_dlpfc	Br8100_151673	BASS	config_dlpfc	0.54718
libd_dlpfc	Br8100_151673	BASS	config_starmap	0.539546
libd_dlpfc	Br8100_151673	BayesSpace	config_default	0.548086
libd_dlpfc	Br8100_151673	BayesSpace	config_melanoma	0.503119
libd_dlpfc	Br8100_151673	BayesSpace	config_scc	0.548173
libd_dlpfc	Br8100_151673	CellCharter	config_default	0.511979
libd_dlpfc	Br8100_151673	CellCharter	config_dlpfc	0.427849
libd_dlpfc	Br8100_151673	DR-SC	config_all_genes	0.481588
libd_dlpfc	Br8100_151673	DR-SC	config_default	0.539152
libd_dlpfc	Br8100_151673	DR-SC	config_FindSVGs	0.527763
libd_dlpfc	Br8100_151673	DR-SC	config_FindVariableFeatures	0.327471
libd_dlpfc	Br8100_151673	GraphST	config_default	0.596194
libd_dlpfc	Br8100_151673	GraphST	config_dlpfc	0.63737
libd_dlpfc	Br8100_151673	MAPLE	config_default	0.397979
libd_dlpfc	Br8100_151673	MERINGUE	config_clusteringvignette	0.000433087
libd_dlpfc	Br8100_151673	MERINGUE	config_default	0.213489
libd_dlpfc	Br8100_151673	MERINGUE	config_mob	0.208828
libd_dlpfc	Br8100_151673	PRECAST	config_BC	0.499154
libd_dlpfc	Br8100_151673	PRECAST	config_default	0.508521
libd_dlpfc	Br8100_151673	PRECAST	config_dlpfc	0.55373
libd_dlpfc	Br8100_151673	SCAN-IT	config_default	0.526218
libd_dlpfc	Br8100_151673	SCAN-IT	config_seqFISH_mouse_SScortex	0.24289
libd_dlpfc	Br8100_151673	SCAN-IT	config_slideseq_hippocampus	0.597497
libd_dlpfc	Br8100_151673	SCAN-IT	config_slideseq_mouse_cerebellum	0.456252
libd_dlpfc	Br8100_151673	SCAN-IT	config_slideseq_mouse_olfactory_bulb	0.507315
libd_dlpfc	Br8100_151673	scanpy	config_default	0.184272
libd_dlpfc	Br8100_151673	scanpy	config_leiden_MERFISH	0.216769
libd_dlpfc	Br8100_151673	scanpy	config_leiden_tutorial	0.171989
libd_dlpfc	Br8100_151673	scMEB	config_default	0.362352
libd_dlpfc	Br8100_151673	SEDR	config_default	0.566125
libd_dlpfc	Br8100_151673	SEDR	config_dlpfc	0.592562
libd_dlpfc	Br8100_151673	SEDR	config_stereoseq	0.515641
libd_dlpfc	Br8100_151673	Seurat	config_default	0.401878
libd_dlpfc	Br8100_151673	Seurat	config_leiden_CODEX	0.440134
libd_dlpfc	Br8100_151673	Seurat	config_leiden_spatial	0.432386
libd_dlpfc	Br8100_151673	Seurat	config_leiden_VisiumHD	0.379969
libd_dlpfc	Br8100_151673	SOTIP	config_MIBI_TNBC	0.367854
libd_dlpfc	Br8100_151673	SOTIP	config_osmFISH	0.403227
libd_dlpfc	Br8100_151673	SOTIP	config_scMEP_CLCC	0.367254
libd_dlpfc	Br8100_151673	SOTIP	config_Visium_dlpfc	0.426979
libd_dlpfc	Br8100_151673	SpaceFlow	config_default	0.278594
libd_dlpfc	Br8100_151673	SpaceFlow	config_seqfish	0.385895
libd_dlpfc	Br8100_151673	SpaGCN	config_default	0.554655
libd_dlpfc	Br8100_151673	spatialGE	config_default	0.177734
libd_dlpfc	Br8100_151673	spatialGE	config_highweight	0.289776
libd_dlpfc	Br8100_151673	spatialGE	config_midweight	0.260847
libd_dlpfc	Br8100_151673	spatialGE	config_sct	0.177734
libd_dlpfc	Br8100_151673	SPICEMIX	config_default	0.24073
libd_dlpfc	Br8100_151673	SPICEMIX	config_Visium_dlpfc	0.142199
libd_dlpfc	Br8100_151673	STAGATE	config_default	0.571142
libd_dlpfc	Br8100_151673	STAGATE	config_slide_stereo	0.335922
libd_dlpfc	Br8100_151673	STAGATE	config_starmap	0.650613
libd_dlpfc	Br8100_151673	Stardust	config_default	0.208079
libd_dlpfc	Br8100_151673	Stardust	config_tutorial	0.2532
libd_dlpfc	Br8100_151674	BANKSY	config_default	0.34705
libd_dlpfc	Br8100_151674	BANKSY	config_dlpfc	0.448402
libd_dlpfc	Br8100_151674	BANKSY	config_github	0.343219
libd_dlpfc	Br8100_151674	BANKSY	config_starmap	0.314648
libd_dlpfc	Br8100_151674	BASS	config_default	0.46029
libd_dlpfc	Br8100_151674	BASS	config_dlpfc	0.504934
libd_dlpfc	Br8100_151674	BASS	config_starmap	0.528373
libd_dlpfc	Br8100_151674	BayesSpace	config_default	0.483601
libd_dlpfc	Br8100_151674	BayesSpace	config_melanoma	0.361927
libd_dlpfc	Br8100_151674	BayesSpace	config_scc	0.483445
libd_dlpfc	Br8100_151674	CellCharter	config_default	0.335231
libd_dlpfc	Br8100_151674	CellCharter	config_dlpfc	0.407201
libd_dlpfc	Br8100_151674	DR-SC	config_all_genes	0.439522
libd_dlpfc	Br8100_151674	DR-SC	config_default	0.559133
libd_dlpfc	Br8100_151674	DR-SC	config_FindSVGs	0.444128
libd_dlpfc	Br8100_151674	DR-SC	config_FindVariableFeatures	0.348533
libd_dlpfc	Br8100_151674	GraphST	config_default	0.569412
libd_dlpfc	Br8100_151674	GraphST	config_dlpfc	0.597016
libd_dlpfc	Br8100_151674	MAPLE	config_default	0.304304
libd_dlpfc	Br8100_151674	MERINGUE	config_clusteringvignette	0.258754
libd_dlpfc	Br8100_151674	MERINGUE	config_default	0.253872
libd_dlpfc	Br8100_151674	MERINGUE	config_mob	0.263847
libd_dlpfc	Br8100_151674	PRECAST	config_BC	0.379034
libd_dlpfc	Br8100_151674	PRECAST	config_default	0.383511
libd_dlpfc	Br8100_151674	PRECAST	config_dlpfc	0.370143
libd_dlpfc	Br8100_151674	SCAN-IT	config_default	0.515101
libd_dlpfc	Br8100_151674	SCAN-IT	config_seqFISH_mouse_SScortex	0.451218
libd_dlpfc	Br8100_151674	SCAN-IT	config_slideseq_hippocampus	0.383624
libd_dlpfc	Br8100_151674	SCAN-IT	config_slideseq_mouse_cerebellum	0.367819
libd_dlpfc	Br8100_151674	SCAN-IT	config_slideseq_mouse_olfactory_bulb	0.37569
libd_dlpfc	Br8100_151674	scanpy	config_default	0.253919
libd_dlpfc	Br8100_151674	scanpy	config_leiden_MERFISH	0.200206
libd_dlpfc	Br8100_151674	scanpy	config_leiden_tutorial	0.226192
libd_dlpfc	Br8100_151674	scMEB	config_default	0.387737
libd_dlpfc	Br8100_151674	SEDR	config_default	0.471044
libd_dlpfc	Br8100_151674	SEDR	config_dlpfc	0.457456
libd_dlpfc	Br8100_151674	SEDR	config_stereoseq	0.377605
libd_dlpfc	Br8100_151674	Seurat	config_default	0.386802
libd_dlpfc	Br8100_151674	Seurat	config_leiden_CODEX	0.364684
libd_dlpfc	Br8100_151674	Seurat	config_leiden_spatial	0.395862
libd_dlpfc	Br8100_151674	Seurat	config_leiden_VisiumHD	0.380887
libd_dlpfc	Br8100_151674	SOTIP	config_MIBI_TNBC	0.305963
libd_dlpfc	Br8100_151674	SOTIP	config_scMEP_CLCC	0.401025
libd_dlpfc	Br8100_151674	SOTIP	config_Visium_dlpfc	0.420946
libd_dlpfc	Br8100_151674	SpaceFlow	config_default	0.331373
libd_dlpfc	Br8100_151674	SpaceFlow	config_seqfish	0.271691
libd_dlpfc	Br8100_151674	SpaGCN	config_default	0.454385
libd_dlpfc	Br8100_151674	spatialGE	config_default	0.26514
libd_dlpfc	Br8100_151674	spatialGE	config_highweight	0.243552
libd_dlpfc	Br8100_151674	spatialGE	config_midweight	0.24299
libd_dlpfc	Br8100_151674	spatialGE	config_sct	0.26514
libd_dlpfc	Br8100_151674	SPICEMIX	config_default	0.285553
libd_dlpfc	Br8100_151674	SPICEMIX	config_Visium_dlpfc	0.225531
libd_dlpfc	Br8100_151674	STAGATE	config_default	0.549608
libd_dlpfc	Br8100_151674	STAGATE	config_slide_stereo	0.34805
libd_dlpfc	Br8100_151674	STAGATE	config_starmap	0.426482
libd_dlpfc	Br8100_151674	Stardust	config_default	0.263829
libd_dlpfc	Br8100_151674	Stardust	config_tutorial	0.313512
libd_dlpfc	Br8100_151675	BANKSY	config_default	0.387055
libd_dlpfc	Br8100_151675	BANKSY	config_dlpfc	0.459684
libd_dlpfc	Br8100_151675	BANKSY	config_github	0.451212
libd_dlpfc	Br8100_151675	BANKSY	config_starmap	0.311063
libd_dlpfc	Br8100_151675	BASS	config_default	0.567246
libd_dlpfc	Br8100_151675	BASS	config_dlpfc	0.518599
libd_dlpfc	Br8100_151675	BASS	config_starmap	0.551735
libd_dlpfc	Br8100_151675	BayesSpace	config_default	0.478383
libd_dlpfc	Br8100_151675	BayesSpace	config_melanoma	0.417652
libd_dlpfc	Br8100_151675	BayesSpace	config_scc	0.48003
libd_dlpfc	Br8100_151675	CellCharter	config_default	0.477523
libd_dlpfc	Br8100_151675	CellCharter	config_dlpfc	0.477938
libd_dlpfc	Br8100_151675	DR-SC	config_all_genes	0.366385
libd_dlpfc	Br8100_151675	DR-SC	config_default	0.61395
libd_dlpfc	Br8100_151675	DR-SC	config_FindSVGs	0.500055
libd_dlpfc	Br8100_151675	DR-SC	config_FindVariableFeatures	0.272368
libd_dlpfc	Br8100_151675	GraphST	config_default	0.520492
libd_dlpfc	Br8100_151675	GraphST	config_dlpfc	0.558676
libd_dlpfc	Br8100_151675	MAPLE	config_default	0.212019
libd_dlpfc	Br8100_151675	MERINGUE	config_clusteringvignette	0
libd_dlpfc	Br8100_151675	MERINGUE	config_default	0.270785
libd_dlpfc	Br8100_151675	MERINGUE	config_mob	0.274502
libd_dlpfc	Br8100_151675	PRECAST	config_BC	0.482235
libd_dlpfc	Br8100_151675	PRECAST	config_default	0.484069
libd_dlpfc	Br8100_151675	PRECAST	config_dlpfc	0.467271
libd_dlpfc	Br8100_151675	SCAN-IT	config_default	0.463793
libd_dlpfc	Br8100_151675	SCAN-IT	config_seqFISH_mouse_SScortex	0.288694
libd_dlpfc	Br8100_151675	SCAN-IT	config_slideseq_hippocampus	0.436937
libd_dlpfc	Br8100_151675	SCAN-IT	config_slideseq_mouse_cerebellum	0.356294
libd_dlpfc	Br8100_151675	SCAN-IT	config_slideseq_mouse_olfactory_bulb	0.444496
libd_dlpfc	Br8100_151675	scanpy	config_default	0.208873
libd_dlpfc	Br8100_151675	scanpy	config_leiden_MERFISH	0.223129
libd_dlpfc	Br8100_151675	scanpy	config_leiden_tutorial	0.196803
libd_dlpfc	Br8100_151675	scMEB	config_default	0.404578
libd_dlpfc	Br8100_151675	SEDR	config_default	0.600379
libd_dlpfc	Br8100_151675	SEDR	config_dlpfc	0.555077
libd_dlpfc	Br8100_151675	SEDR	config_stereoseq	0.563131
libd_dlpfc	Br8100_151675	Seurat	config_default	0.351353
libd_dlpfc	Br8100_151675	Seurat	config_leiden_CODEX	0.385683
libd_dlpfc	Br8100_151675	Seurat	config_leiden_spatial	0.388153
libd_dlpfc	Br8100_151675	Seurat	config_leiden_VisiumHD	0.318196
libd_dlpfc	Br8100_151675	SOTIP	config_MIBI_TNBC	0.414173
libd_dlpfc	Br8100_151675	SOTIP	config_osmFISH	0.388217
libd_dlpfc	Br8100_151675	SOTIP	config_Visium_dlpfc	0.496618
libd_dlpfc	Br8100_151675	SpaceFlow	config_default	0.293559
libd_dlpfc	Br8100_151675	SpaceFlow	config_seqfish	0.384658
libd_dlpfc	Br8100_151675	SpaGCN	config_default	0.475326
libd_dlpfc	Br8100_151675	spatialGE	config_default	0.187534
libd_dlpfc	Br8100_151675	spatialGE	config_highweight	0.301382
libd_dlpfc	Br8100_151675	spatialGE	config_midweight	0.207154
libd_dlpfc	Br8100_151675	spatialGE	config_sct	0.187534
libd_dlpfc	Br8100_151675	SPICEMIX	config_default	0.275825
libd_dlpfc	Br8100_151675	SPICEMIX	config_Visium_dlpfc	0.196555
libd_dlpfc	Br8100_151675	STAGATE	config_default	0.605948
libd_dlpfc	Br8100_151675	STAGATE	config_slide_stereo	0.334169
libd_dlpfc	Br8100_151675	STAGATE	config_starmap	0.420015
libd_dlpfc	Br8100_151675	Stardust	config_default	0.284195
libd_dlpfc	Br8100_151675	Stardust	config_tutorial	0.275043
libd_dlpfc	Br8100_151676	BANKSY	config_default	0.32903
libd_dlpfc	Br8100_151676	BANKSY	config_dlpfc	0.468009
libd_dlpfc	Br8100_151676	BANKSY	config_github	0.325027
libd_dlpfc	Br8100_151676	BANKSY	config_starmap	0.323132
libd_dlpfc	Br8100_151676	BASS	config_default	0.43957
libd_dlpfc	Br8100_151676	BASS	config_dlpfc	0.522936
libd_dlpfc	Br8100_151676	BASS	config_starmap	0.346607
libd_dlpfc	Br8100_151676	BayesSpace	config_default	0.479279
libd_dlpfc	Br8100_151676	BayesSpace	config_melanoma	0.405521
libd_dlpfc	Br8100_151676	BayesSpace	config_scc	0.479207
libd_dlpfc	Br8100_151676	CellCharter	config_default	0.399589
libd_dlpfc	Br8100_151676	CellCharter	config_dlpfc	0.501278
libd_dlpfc	Br8100_151676	DR-SC	config_all_genes	0.3735
libd_dlpfc	Br8100_151676	DR-SC	config_default	0.437313
libd_dlpfc	Br8100_151676	DR-SC	config_FindSVGs	0.288164
libd_dlpfc	Br8100_151676	DR-SC	config_FindVariableFeatures	0.263227
libd_dlpfc	Br8100_151676	GraphST	config_default	0.564887
libd_dlpfc	Br8100_151676	GraphST	config_dlpfc	0.524779
libd_dlpfc	Br8100_151676	MAPLE	config_default	0.233453
libd_dlpfc	Br8100_151676	MERINGUE	config_clusteringvignette	0.131135
libd_dlpfc	Br8100_151676	MERINGUE	config_default	0.221575
libd_dlpfc	Br8100_151676	MERINGUE	config_mob	0.211115
libd_dlpfc	Br8100_151676	PRECAST	config_BC	0.365222
libd_dlpfc	Br8100_151676	PRECAST	config_default	0.369168
libd_dlpfc	Br8100_151676	PRECAST	config_dlpfc	0.456504
libd_dlpfc	Br8100_151676	SCAN-IT	config_default	0.420711
libd_dlpfc	Br8100_151676	SCAN-IT	config_seqFISH_mouse_SScortex	0.347657
libd_dlpfc	Br8100_151676	SCAN-IT	config_slideseq_hippocampus	0.435724
libd_dlpfc	Br8100_151676	SCAN-IT	config_slideseq_mouse_cerebellum	0.419529
libd_dlpfc	Br8100_151676	SCAN-IT	config_slideseq_mouse_olfactory_bulb	0.385126
libd_dlpfc	Br8100_151676	scanpy	config_default	0.216213
libd_dlpfc	Br8100_151676	scanpy	config_leiden_MERFISH	0.19376
libd_dlpfc	Br8100_151676	scanpy	config_leiden_tutorial	0.182178
libd_dlpfc	Br8100_151676	scMEB	config_default	0.376347
libd_dlpfc	Br8100_151676	SEDR	config_default	0.527414
libd_dlpfc	Br8100_151676	SEDR	config_dlpfc	0.565566
libd_dlpfc	Br8100_151676	SEDR	config_stereoseq	0.580693
libd_dlpfc	Br8100_151676	Seurat	config_default	0.296541
libd_dlpfc	Br8100_151676	Seurat	config_leiden_CODEX	0.285137
libd_dlpfc	Br8100_151676	Seurat	config_leiden_spatial	0.338956
libd_dlpfc	Br8100_151676	Seurat	config_leiden_VisiumHD	0.288919
libd_dlpfc	Br8100_151676	SOTIP	config_default	0.199959
libd_dlpfc	Br8100_151676	SOTIP	config_MIBI_TNBC	0.398624
libd_dlpfc	Br8100_151676	SOTIP	config_osmFISH	0.391417
libd_dlpfc	Br8100_151676	SOTIP	config_scMEP_CLCC	0.380877
libd_dlpfc	Br8100_151676	SOTIP	config_Visium_dlpfc	0.438431
libd_dlpfc	Br8100_151676	SpaceFlow	config_default	0.269258
libd_dlpfc	Br8100_151676	SpaceFlow	config_seqfish	0.31838
libd_dlpfc	Br8100_151676	SpaGCN	config_default	0.371038
libd_dlpfc	Br8100_151676	spatialGE	config_default	0.161616
libd_dlpfc	Br8100_151676	spatialGE	config_highweight	0.168095
libd_dlpfc	Br8100_151676	spatialGE	config_midweight	0.198125
libd_dlpfc	Br8100_151676	spatialGE	config_sct	0.161616
libd_dlpfc	Br8100_151676	SPICEMIX	config_default	0.279711
libd_dlpfc	Br8100_151676	SPICEMIX	config_Visium_dlpfc	0.116761
libd_dlpfc	Br8100_151676	STAGATE	config_default	0.601373
libd_dlpfc	Br8100_151676	STAGATE	config_slide_stereo	0.278991
libd_dlpfc	Br8100_151676	STAGATE	config_starmap	0.449547
libd_dlpfc	Br8100_151676	Stardust	config_default	0.261096
libd_dlpfc	Br8100_151676	Stardust	config_tutorial	0.237609
